{
  "auc": [
    0.6604206562042236,
    0.7055283188819885,
    0.7147798538208008,
    0.7176918983459473,
    0.7218590974807739,
    0.7228527069091797,
    0.723601758480072,
    0.7260478734970093,
    0.7257125377655029,
    0.7267618179321289,
    0.7268838286399841,
    0.727026641368866,
    0.7291276454925537,
    0.7288933396339417,
    0.7302438020706177,
    0.7305206060409546,
    0.7303513884544373,
    0.7307882308959961,
    0.7313504815101624,
    0.7317538857460022,
    0.7319900989532471,
    0.7319446206092834,
    0.7329428195953369,
    0.7331719398498535,
    0.7337526082992554,
    0.7335167527198792,
    0.7342227697372437,
    0.7346620559692383,
    0.7356168031692505,
    0.7362098693847656,
    0.7363912463188171,
    0.736726701259613,
    0.7369184494018555,
    0.7377404570579529,
    0.7373274564743042,
    0.736969530582428,
    0.7379610538482666,
    0.7372361421585083,
    0.7369276881217957,
    0.7374326586723328,
    0.7379733324050903,
    0.7374119162559509,
    0.737755298614502,
    0.7376981973648071,
    0.7370531558990479,
    0.7371451258659363,
    0.7370731234550476
  ],
  "loss": [
    0.2847442626953125,
    0.265800416469574,
    0.26260611414909363,
    0.261954665184021,
    0.2606288492679596,
    0.26035261154174805,
    0.2600211799144745,
    0.2596180737018585,
    0.25940799713134766,
    0.2593023180961609,
    0.2590741515159607,
    0.2591803967952728,
    0.25849124789237976,
    0.2586327791213989,
    0.258472740650177,
    0.2583235502243042,
    0.25832006335258484,
    0.25814634561538696,
    0.25807973742485046,
    0.2578161060810089,
    0.2579434812068939,
    0.25782310962677,
    0.2576045095920563,
    0.25766071677207947,
    0.25759294629096985,
    0.2574605643749237,
    0.2573237717151642,
    0.2572547197341919,
    0.25682851672172546,
    0.25670918822288513,
    0.25669294595718384,
    0.25660160183906555,
    0.2564283311367035,
    0.2563115954399109,
    0.25642335414886475,
    0.2564907670021057,
    0.25614476203918457,
    0.25636735558509827,
    0.256365031003952,
    0.2563181519508362,
    0.2561618983745575,
    0.2562711238861084,
    0.2562205195426941,
    0.25623050332069397,
    0.2562960684299469,
    0.25645533204078674,
    0.2563290596008301
  ],
  "val_auc": [
    0.71412593126297,
    0.72515869140625,
    0.7298659682273865,
    0.731465756893158,
    0.7316924333572388,
    0.7337557673454285,
    0.7341424226760864,
    0.7345943450927734,
    0.7343721389770508,
    0.7346644401550293,
    0.7348810434341431,
    0.7352949380874634,
    0.7349199056625366,
    0.7356750965118408,
    0.7360982298851013,
    0.7359617352485657,
    0.7362174987792969,
    0.7365075349807739,
    0.7358974814414978,
    0.7363744974136353,
    0.7367138862609863,
    0.7364320158958435,
    0.7371683120727539,
    0.7363327741622925,
    0.7369622588157654,
    0.7370087504386902,
    0.7369117736816406,
    0.7371714115142822,
    0.7365890145301819,
    0.7370472550392151,
    0.7369533181190491,
    0.7371826171875,
    0.7370537519454956,
    0.7368410229682922,
    0.7367726564407349,
    0.7370291948318481,
    0.7368239760398865,
    0.7366747260093689,
    0.7365785837173462,
    0.7366802096366882,
    0.7365671396255493,
    0.7366370558738708,
    0.7365704774856567,
    0.7366219162940979,
    0.7366100549697876,
    0.7366620302200317,
    0.7365740537643433
  ],
  "val_loss": [
    0.2619325518608093,
    0.2583412826061249,
    0.25680938363075256,
    0.2564968466758728,
    0.25609928369522095,
    0.25613489747047424,
    0.25606733560562134,
    0.2559487521648407,
    0.2557147443294525,
    0.2558375597000122,
    0.2559727132320404,
    0.2556152939796448,
    0.2555937170982361,
    0.2560887634754181,
    0.2561189830303192,
    0.25566330552101135,
    0.2556871175765991,
    0.2557280659675598,
    0.25547313690185547,
    0.25534531474113464,
    0.2555409371852875,
    0.2554132342338562,
    0.2555686831474304,
    0.25518885254859924,
    0.2553599774837494,
    0.2553325891494751,
    0.2555006444454193,
    0.255386084318161,
    0.2547365128993988,
    0.2547166645526886,
    0.25459906458854675,
    0.25469300150871277,
    0.25468361377716064,
    0.2546234428882599,
    0.25458669662475586,
    0.2546348571777344,
    0.25460711121559143,
    0.25457245111465454,
    0.254570335149765,
    0.2545633912086487,
    0.2545660138130188,
    0.25456681847572327,
    0.25456857681274414,
    0.2545682489871979,
    0.2545682489871979,
    0.2545679211616516,
    0.25456660985946655
  ],
  "learning_rate": [
    0.0010000000474974513,
    0.0010000000474974513,
    0.0010000000474974513,
    0.0010000000474974513,
    0.0010000000474974513,
    0.0010000000474974513,
    0.0010000000474974513,
    0.0010000000474974513,
    0.0010000000474974513,
    0.0010000000474974513,
    0.0010000000474974513,
    0.0010000000474974513,
    0.0010000000474974513,
    0.0010000000474974513,
    0.0010000000474974513,
    0.0010000000474974513,
    0.0010000000474974513,
    0.0010000000474974513,
    0.0010000000474974513,
    0.0010000000474974513,
    0.0010000000474974513,
    0.0010000000474974513,
    0.0010000000474974513,
    0.0010000000474974513,
    0.0010000000474974513,
    0.0010000000474974513,
    0.0010000000474974513,
    0.0010000000474974513,
    0.0003000000142492354,
    0.0003000000142492354,
    0.0003000000142492354,
    0.0003000000142492354,
    0.0003000000142492354,
    9.000000136438757e-05,
    9.000000136438757e-05,
    9.000000136438757e-05,
    9.000000136438757e-05,
    9.000000136438757e-05,
    2.700000004551839e-05,
    2.700000004551839e-05,
    2.700000004551839e-05,
    2.700000004551839e-05,
    2.700000004551839e-05,
    8.099999831756577e-06,
    8.099999831756577e-06,
    8.099999831756577e-06,
    8.099999831756577e-06
  ]
}