{
  "auc": [
    0.6095142364501953,
    0.672737717628479,
    0.6847366094589233,
    0.6909120678901672,
    0.6995762586593628,
    0.7038111686706543,
    0.7047019004821777,
    0.7086360454559326,
    0.7101105451583862,
    0.7117422819137573,
    0.7124534845352173,
    0.7121373414993286,
    0.7162500023841858,
    0.7157344818115234,
    0.7168397307395935,
    0.7185389995574951,
    0.7187321782112122,
    0.7181686162948608,
    0.7196788191795349,
    0.7197869420051575,
    0.720230758190155,
    0.720374345779419,
    0.7203817367553711,
    0.7211712002754211,
    0.7222292423248291,
    0.7233121395111084,
    0.7239103317260742,
    0.724471926689148,
    0.7238343358039856,
    0.723870575428009,
    0.7246152758598328,
    0.7250398397445679,
    0.7243461012840271,
    0.7250403165817261,
    0.7246566414833069
  ],
  "loss": [
    0.3245956003665924,
    0.2925383746623993,
    0.2872907221317291,
    0.284643292427063,
    0.2815852165222168,
    0.2807449400424957,
    0.27965420484542847,
    0.27886149287223816,
    0.2778371572494507,
    0.2783324718475342,
    0.2773069441318512,
    0.2773576080799103,
    0.2759058475494385,
    0.2761988341808319,
    0.2766311466693878,
    0.27616891264915466,
    0.2754083275794983,
    0.2761475443840027,
    0.27534544467926025,
    0.27547624707221985,
    0.2752714157104492,
    0.2749980092048645,
    0.27504870295524597,
    0.2745850682258606,
    0.2747078239917755,
    0.27411121129989624,
    0.27351298928260803,
    0.27353864908218384,
    0.2731412351131439,
    0.27347972989082336,
    0.2735275328159332,
    0.27334755659103394,
    0.27292701601982117,
    0.2734490931034088,
    0.27296221256256104
  ],
  "val_auc": [
    0.6913467645645142,
    0.7031959295272827,
    0.7103728652000427,
    0.7139109969139099,
    0.72160804271698,
    0.7202687859535217,
    0.7229011058807373,
    0.7261470556259155,
    0.7240527868270874,
    0.7251242399215698,
    0.7271149158477783,
    0.7275670170783997,
    0.7270891666412354,
    0.7273179292678833,
    0.7274446487426758,
    0.7283569574356079,
    0.7278744578361511,
    0.7267330884933472,
    0.7279312014579773,
    0.7290960550308228,
    0.7271355986595154,
    0.7276144623756409,
    0.7269845008850098,
    0.7282570004463196,
    0.7283704280853271,
    0.7285842895507812,
    0.7284595370292664,
    0.7287700176239014,
    0.7284884452819824,
    0.7285279035568237,
    0.7285686731338501,
    0.7285224795341492,
    0.7285555005073547,
    0.7283576726913452,
    0.7283759117126465
  ],
  "val_loss": [
    0.28365907073020935,
    0.28020694851875305,
    0.27813059091567993,
    0.27595922350883484,
    0.2749856114387512,
    0.2747119069099426,
    0.27388811111450195,
    0.27494731545448303,
    0.2731657922267914,
    0.2750908434391022,
    0.27386924624443054,
    0.2741461992263794,
    0.2727927267551422,
    0.2751481831073761,
    0.2745278477668762,
    0.27340683341026306,
    0.27343639731407166,
    0.2720966339111328,
    0.2729282081127167,
    0.27330732345581055,
    0.2745005190372467,
    0.27333953976631165,
    0.27170729637145996,
    0.2742083668708801,
    0.272885262966156,
    0.2715153992176056,
    0.2715040147304535,
    0.2716923952102661,
    0.2719186544418335,
    0.2716957926750183,
    0.2715989351272583,
    0.2716638445854187,
    0.27151909470558167,
    0.27153775095939636,
    0.271504282951355
  ],
  "learning_rate": [
    0.0010000000474974513,
    0.0010000000474974513,
    0.0010000000474974513,
    0.0010000000474974513,
    0.0010000000474974513,
    0.0010000000474974513,
    0.0010000000474974513,
    0.0010000000474974513,
    0.0010000000474974513,
    0.0010000000474974513,
    0.0010000000474974513,
    0.0010000000474974513,
    0.0010000000474974513,
    0.0010000000474974513,
    0.0010000000474974513,
    0.0010000000474974513,
    0.0010000000474974513,
    0.0010000000474974513,
    0.0010000000474974513,
    0.0010000000474974513,
    0.0010000000474974513,
    0.0010000000474974513,
    0.0010000000474974513,
    0.0010000000474974513,
    0.0010000000474974513,
    0.0003000000142492354,
    0.0003000000142492354,
    0.0003000000142492354,
    0.0003000000142492354,
    0.0003000000142492354,
    9.000000136438757e-05,
    9.000000136438757e-05,
    9.000000136438757e-05,
    9.000000136438757e-05,
    9.000000136438757e-05
  ]
}