{
  "auc": [
    0.7285211682319641,
    0.7360767126083374,
    0.7379650473594666,
    0.7393983006477356,
    0.7404876947402954,
    0.7414867877960205,
    0.7423827648162842,
    0.7430981397628784,
    0.7437765598297119,
    0.7443408966064453,
    0.7448861002922058,
    0.7454249858856201,
    0.745911717414856,
    0.7464402914047241,
    0.7469559907913208,
    0.7474179267883301,
    0.7478801012039185,
    0.7483547925949097,
    0.7488771080970764,
    0.7492988705635071,
    0.7496916651725769,
    0.7501400709152222,
    0.7505940198898315,
    0.7510226964950562
  ],
  "loss": [
    0.6098002791404724,
    0.603653073310852,
    0.602087676525116,
    0.6009059548377991,
    0.5999892950057983,
    0.5991884469985962,
    0.598463237285614,
    0.5978509783744812,
    0.5972516536712646,
    0.5967839360237122,
    0.5963234305381775,
    0.5958837866783142,
    0.5954736471176147,
    0.5949918627738953,
    0.5945894718170166,
    0.594190239906311,
    0.5937963724136353,
    0.5933912992477417,
    0.5929694771766663,
    0.5925489068031311,
    0.5921988487243652,
    0.5918064713478088,
    0.5913942456245422,
    0.5910249352455139
  ],
  "val_auc": [
    0.7366062998771667,
    0.7381263375282288,
    0.7388181686401367,
    0.73959881067276,
    0.740206778049469,
    0.7405872344970703,
    0.7409526109695435,
    0.7410563826560974,
    0.741127610206604,
    0.7409905195236206,
    0.7408926486968994,
    0.7407729625701904,
    0.7407406568527222,
    0.7405181527137756,
    0.7403923273086548,
    0.7402684688568115,
    0.7401279807090759,
    0.7399740219116211,
    0.7397055625915527,
    0.7394326329231262,
    0.73927903175354,
    0.7390919327735901,
    0.7388240694999695,
    0.7386118173599243
  ],
  "val_loss": [
    0.6174197793006897,
    0.6153856515884399,
    0.6146119832992554,
    0.6118091940879822,
    0.6124679446220398,
    0.6123802661895752,
    0.6111542582511902,
    0.6129708886146545,
    0.6125766634941101,
    0.6128394603729248,
    0.6145612597465515,
    0.6124785542488098,
    0.6147643327713013,
    0.614794135093689,
    0.6151736974716187,
    0.6154738068580627,
    0.616326630115509,
    0.6157763004302979,
    0.6159861087799072,
    0.6166162490844727,
    0.6161900162696838,
    0.6165990829467773,
    0.6152075529098511,
    0.6154297590255737
  ]
}