{
  "auc": [
    0.7286028861999512,
    0.7363224029541016,
    0.7386390566825867,
    0.7401840686798096,
    0.741310715675354,
    0.7422232627868652,
    0.7429441213607788,
    0.7437010407447815,
    0.7443886995315552,
    0.7449585199356079,
    0.7456337809562683,
    0.7461387515068054,
    0.7466999292373657,
    0.7471802234649658,
    0.7477357387542725,
    0.7482249736785889,
    0.7487329840660095,
    0.7491922378540039,
    0.749626636505127,
    0.752840518951416,
    0.7533597350120544,
    0.7536725997924805,
    0.7539916038513184,
    0.7542712092399597,
    0.7544664740562439,
    0.7547366619110107,
    0.7549697160720825,
    0.7551887035369873,
    0.7554137706756592,
    0.7566624879837036,
    0.7569586038589478,
    0.7570563554763794,
    0.7571647763252258,
    0.7572557926177979,
    0.7573373317718506,
    0.757411003112793,
    0.7575017213821411,
    0.7576097846031189,
    0.7576992511749268,
    0.7581343054771423,
    0.7582427263259888,
    0.7582871913909912,
    0.7583227157592773,
    0.7583482265472412,
    0.7583610415458679,
    0.7584068179130554,
    0.7584376335144043,
    0.7584713101387024,
    0.7584923505783081,
    0.758662760257721,
    0.7586745023727417,
    0.7586960196495056,
    0.7586899399757385,
    0.7587075233459473,
    0.7587161064147949,
    0.7587246298789978,
    0.7587395310401917,
    0.758746862411499,
    0.758753776550293,
    0.7588242292404175,
    0.7588263750076294,
    0.7588266730308533,
    0.7588341236114502,
    0.7588365077972412,
    0.7588357925415039,
    0.7588382959365845,
    0.7588375806808472,
    0.758842945098877,
    0.7588404417037964,
    0.7588613033294678,
    0.758866548538208,
    0.7588659524917603,
    0.7588645219802856,
    0.7588663101196289,
    0.7588655948638916,
    0.7588691711425781,
    0.7588682770729065,
    0.7588678598403931,
    0.758866548538208,
    0.7588790059089661,
    0.7588778734207153,
    0.7588774561882019,
    0.7588757276535034,
    0.7588793039321899
  ],
  "loss": [
    0.6095845699310303,
    0.6033604145050049,
    0.6014633178710938,
    0.6001520752906799,
    0.5992480516433716,
    0.5984800457954407,
    0.5978386402130127,
    0.597213625907898,
    0.5966355800628662,
    0.5961350798606873,
    0.5955797433853149,
    0.5950984358787537,
    0.5946125388145447,
    0.5941868424415588,
    0.5937120914459229,
    0.5932747721672058,
    0.5928348898887634,
    0.5924019813537598,
    0.5920080542564392,
    0.5891435146331787,
    0.5886293649673462,
    0.5883145332336426,
    0.5880488157272339,
    0.5878064632415771,
    0.5875778198242188,
    0.587356686592102,
    0.5871415138244629,
    0.5869279503822327,
    0.5867289900779724,
    0.585573136806488,
    0.5853456258773804,
    0.5852358341217041,
    0.5851426124572754,
    0.5850562453269958,
    0.5849716067314148,
    0.5848928689956665,
    0.584811270236969,
    0.584732174873352,
    0.5846540927886963,
    0.5842087864875793,
    0.5841455459594727,
    0.5841102004051208,
    0.5840802192687988,
    0.5840527415275574,
    0.584026575088501,
    0.584000825881958,
    0.5839743614196777,
    0.5839495658874512,
    0.5839245319366455,
    0.5837645530700684,
    0.5837514996528625,
    0.5837420225143433,
    0.5837339758872986,
    0.5837255716323853,
    0.5837175250053406,
    0.5837098956108093,
    0.5837020874023438,
    0.5836945176124573,
    0.5836869478225708,
    0.5836350321769714,
    0.5836327075958252,
    0.5836301445960999,
    0.5836278200149536,
    0.5836253762245178,
    0.5836228728294373,
    0.5836209058761597,
    0.5836182832717896,
    0.5836162567138672,
    0.583613932132721,
    0.5835978388786316,
    0.5835971832275391,
    0.5835963487625122,
    0.5835956335067749,
    0.5835948586463928,
    0.5835942029953003,
    0.583593487739563,
    0.5835927128791809,
    0.5835922956466675,
    0.583591639995575,
    0.5835868716239929,
    0.5835866332054138,
    0.5835863947868347,
    0.5835863351821899,
    0.5835859179496765
  ],
  "val_auc": [
    0.7371366024017334,
    0.7389571666717529,
    0.739899754524231,
    0.7403733730316162,
    0.7405740022659302,
    0.7406749725341797,
    0.7407056093215942,
    0.7408660054206848,
    0.7410224676132202,
    0.7408781051635742,
    0.7409243583679199,
    0.740847110748291,
    0.7407363653182983,
    0.7406488656997681,
    0.7404637932777405,
    0.7403624057769775,
    0.7400103211402893,
    0.739861786365509,
    0.7395910024642944,
    0.7402836084365845,
    0.7401655316352844,
    0.7399991750717163,
    0.7399552464485168,
    0.7398324012756348,
    0.7397257089614868,
    0.7395659685134888,
    0.7394886016845703,
    0.7394033670425415,
    0.7393115758895874,
    0.7391030192375183,
    0.7390531301498413,
    0.738932728767395,
    0.7388997077941895,
    0.7388817071914673,
    0.7388291358947754,
    0.7387833595275879,
    0.7387452125549316,
    0.7386786341667175,
    0.7386332750320435,
    0.7386124134063721,
    0.7385771870613098,
    0.7385393381118774,
    0.7385184168815613,
    0.7384940981864929,
    0.7384783029556274,
    0.7384606599807739,
    0.7384325265884399,
    0.7384085059165955,
    0.7383929491043091,
    0.7384547591209412,
    0.7384830117225647,
    0.7384713888168335,
    0.7384623885154724,
    0.7384458780288696,
    0.7384485006332397,
    0.7384592294692993,
    0.7384566068649292,
    0.7384433746337891,
    0.738447904586792,
    0.7384337782859802,
    0.7384328842163086,
    0.7384284138679504,
    0.7384265661239624,
    0.7384212613105774,
    0.7384169101715088,
    0.7384138703346252,
    0.7384099960327148,
    0.7384042739868164,
    0.7384069561958313,
    0.7384063601493835,
    0.738405704498291,
    0.7384093403816223,
    0.7384054660797119,
    0.7384010553359985,
    0.7383993268013,
    0.7383977174758911,
    0.7383986711502075,
    0.7383986711502075,
    0.738398551940918,
    0.7384034395217896,
    0.7384024858474731,
    0.7384005784988403,
    0.7384016513824463,
    0.7383993864059448
  ],