{
  "auc": [
    0.719184398651123,
    0.7284749150276184,
    0.7314674854278564,
    0.7334634065628052,
    0.7341086864471436,
    0.7346179485321045,
    0.7360442876815796,
    0.7369869351387024,
    0.736803412437439,
    0.7373487949371338,
    0.7377458810806274,
    0.7383905053138733,
    0.7387816309928894,
    0.7389896512031555,
    0.7406518459320068,
    0.7392830848693848,
    0.7396506071090698,
    0.7393267750740051,
    0.7398421764373779,
    0.7403323650360107,
    0.7404472231864929,
    0.741347074508667,
    0.7408885955810547,
    0.7412492632865906,
    0.7415822148323059,
    0.741565465927124,
    0.7417587041854858,
    0.7418262958526611,
    0.7418426275253296,
    0.742540180683136,
    0.7421702146530151,
    0.7429054975509644,
    0.7427239418029785,
    0.7437261939048767,
    0.7442939281463623,
    0.7428401708602905,
    0.743497908115387,
    0.7438167333602905,
    0.7437546849250793,
    0.7439535856246948,
    0.7442426681518555,
    0.7442059516906738,
    0.7436969876289368,
    0.7439758777618408,
    0.7447279095649719,
    0.7450238466262817,
    0.7452148199081421
  ],
  "loss": [
    0.6174535155296326,
    0.6100961565971375,
    0.6076493263244629,
    0.6062803864479065,
    0.6058843731880188,
    0.6055585145950317,
    0.6042531132698059,
    0.6036372184753418,
    0.6034001111984253,
    0.6034454107284546,
    0.6028987169265747,
    0.6023606061935425,
    0.6022062301635742,
    0.6018595099449158,
    0.6003537774085999,
    0.601640522480011,
    0.6011790037155151,
    0.6015130877494812,
    0.6009839177131653,
    0.6007376313209534,
    0.6005911231040955,
    0.5998793840408325,
    0.6002843976020813,
    0.5997960567474365,
    0.5994880795478821,
    0.5997310876846313,
    0.5993344187736511,
    0.5991494059562683,
    0.5992514491081238,
    0.5993218421936035,
    0.5990319848060608,
    0.5982335805892944,
    0.5987043976783752,
    0.5978839993476868,
    0.5974569320678711,
    0.5984662175178528,
    0.59791100025177,
    0.5977945327758789,
    0.597562313079834,
    0.5974041223526001,
    0.5973954796791077,
    0.5973144173622131,
    0.5978208184242249,
    0.5975638628005981,
    0.5968450903892517,
    0.5963985919952393,
    0.5966097116470337
  ],
  "val_auc": [
    0.7345384359359741,
    0.736726701259613,
    0.7373274564743042,
    0.7384312152862549,
    0.7388149499893188,
    0.7390309572219849,
    0.7398351430892944,
    0.7403108477592468,
    0.7404778003692627,
    0.740691065788269,
    0.7408518195152283,
    0.7411807179450989,
    0.7412523031234741,
    0.7412465810775757,
    0.7417542934417725,
    0.7413159608840942,
    0.7415615320205688,
    0.7414717674255371,
    0.7417611479759216,
    0.7415311336517334,
    0.7419160008430481,
    0.741709291934967,
    0.7416826486587524,
    0.7419873476028442,
    0.7419569492340088,
    0.741931676864624,
    0.7417545318603516,
    0.7416781783103943,
    0.7416224479675293,
    0.7421001195907593,
    0.7417511343955994,
    0.7423869371414185,
    0.7419719099998474,
    0.7414916753768921,
    0.7414979934692383,
    0.741515040397644,
    0.7417957782745361,
    0.7415303587913513,
    0.741584837436676,
    0.7417072653770447,
    0.7413932085037231,
    0.7414813041687012,
    0.7412647008895874,
    0.7412917613983154,
    0.7411942481994629,
    0.7411647439002991,
    0.7413769960403442
  ],
  "val_loss": [
    0.6311179995536804,
    0.6219921112060547,
    0.6206992864608765,
    0.6182253956794739,
    0.6212155222892761,
    0.6129529476165771,
    0.6079223155975342,
    0.6183346509933472,
    0.6090446710586548,
    0.6166704297065735,
    0.6121619343757629,
    0.611580491065979,
    0.6097509860992432,
    0.6104304194450378,
    0.6093077659606934,
    0.6105137467384338,
    0.6102564930915833,
    0.6095215082168579,
    0.610937237739563,
    0.6094415187835693,
    0.6067455410957336,
    0.6116474270820618,
    0.6112307906150818,
    0.6102955341339111,
    0.6086025834083557,
    0.6052654385566711,
    0.6048077940940857,
    0.60564786195755,
    0.6091473698616028,
    0.6043119430541992,
    0.6026391386985779,
    0.6014533042907715,
    0.6041626334190369,
    0.6053722500801086,
    0.6048755049705505,
    0.6045963168144226,
    0.603513777256012,
    0.609982967376709,
    0.6056146621704102,
    0.6031366586685181,
    0.6042980551719666,
    0.6044064164161682,
    0.6011343002319336,
    0.599665641784668,
    0.6035260558128357,
    0.6020397543907166,
    0.6008483171463013
  ]
}