{
  "auc": [
    0.6727352142333984,
    0.7151259183883667,
    0.7222921848297119,
    0.7242773771286011,
    0.7283366322517395,
    0.728617787361145,
    0.7295516729354858,
    0.7318518161773682,
    0.7313891053199768,
    0.7326353788375854,
    0.7323187589645386,
    0.7326356172561646,
    0.7343693971633911,
    0.7343147993087769,
    0.7358167171478271,
    0.7355059385299683,
    0.735889732837677,
    0.7360354065895081,
    0.7367022037506104,
    0.7367227077484131,
    0.7372303009033203,
    0.7373926043510437,
    0.7379581332206726,
    0.7381654977798462,
    0.738372802734375,
    0.7383248805999756,
    0.7395203113555908,
    0.7398064136505127,
    0.7407268285751343,
    0.7411975264549255,
    0.7414933443069458,
    0.7417739033699036,
    0.7420302033424377,
    0.7420955896377563,
    0.7419114112854004,
    0.7419246435165405,
    0.7424603700637817,
    0.742440938949585,
    0.7422016859054565,
    0.7433183193206787,
    0.7428501844406128,
    0.7428361773490906,
    0.7433254718780518,
    0.742762565612793,
    0.742631196975708,
    0.7429203987121582,
    0.7426249980926514,
    0.7426995635032654,
    0.7437204122543335,
    0.7435696125030518,
    0.7421099543571472,
    0.742723286151886,
    0.7433130741119385,
    0.7435039281845093,
    0.7434046864509583,
    0.7435890436172485,
    0.7431972026824951,
    0.7445492744445801,
    0.7426247596740723,
    0.743847131729126,
    0.7422462105751038
  ],
  "loss": [
    0.27889329195022583,
    0.26074618101119995,
    0.25816610455513,
    0.2574032247066498,
    0.2562176287174225,
    0.2560526430606842,
    0.2558290958404541,
    0.25529950857162476,
    0.25527581572532654,
    0.25508543848991394,
    0.25496745109558105,
    0.2549152970314026,
    0.2544552981853485,
    0.2544526159763336,
    0.25413569808006287,
    0.25416165590286255,
    0.25404664874076843,
    0.25395703315734863,
    0.25385475158691406,
    0.2537193298339844,
    0.25379565358161926,
    0.25371137261390686,
    0.2535252571105957,
    0.2535160481929779,
    0.2534064054489136,
    0.25336548686027527,
    0.25302600860595703,
    0.2530449330806732,
    0.25265374779701233,
    0.25250717997550964,
    0.25245583057403564,
    0.2524624466896057,
    0.25226351618766785,
    0.2522468566894531,
    0.25234776735305786,
    0.25241202116012573,
    0.2522013187408447,
    0.25215572118759155,
    0.25221163034439087,
    0.2519989013671875,
    0.25204628705978394,
    0.2520706355571747,
    0.2519271969795227,
    0.2520110607147217,
    0.25193503499031067,
    0.25204843282699585,
    0.2520759701728821,
    0.25209349393844604,
    0.2518400251865387,
    0.25181663036346436,
    0.25210878252983093,
    0.2520410418510437,
    0.25183793902397156,
    0.2518458962440491,
    0.2518165111541748,
    0.2518863379955292,
    0.2519318163394928,
    0.25163528323173523,
    0.2520713210105896,
    0.2517954707145691,
    0.2521986961364746
  ],
  "val_auc": [
    0.7257671356201172,
    0.733180046081543,
    0.7363462448120117,
    0.7372211217880249,
    0.7381250262260437,
    0.7381739616394043,
    0.7385935187339783,
    0.7389780282974243,
    0.7395107746124268,
    0.739862322807312,
    0.740103542804718,
    0.740091860294342,
    0.7402619123458862,
    0.7405968904495239,
    0.7404952049255371,
    0.7407300472259521,
    0.7409552335739136,
    0.7407592535018921,
    0.7408561706542969,
    0.7410502433776855,
    0.7412463426589966,
    0.7414536476135254,
    0.7416479587554932,
    0.7413488030433655,
    0.7412588596343994,
    0.7415774464607239,
    0.7415754795074463,
    0.7414795160293579,
    0.7420493364334106,
    0.7421231269836426,
    0.7421465516090393,
    0.742189884185791,
    0.7420538663864136,
    0.7419196963310242,
    0.7419652342796326,
    0.7419573068618774,
    0.7418815493583679,
    0.7418068051338196,
    0.741876482963562,
    0.741940438747406,
    0.7420268058776855,
    0.7422041296958923,
    0.7421290874481201,
    0.7421684265136719,
    0.742114245891571,
    0.7422083616256714,
    0.74211585521698,
    0.7420721650123596,
    0.7420595288276672,
    0.7420963048934937,
    0.7420575022697449,
    0.7420867681503296,
    0.7420885562896729,
    0.742073118686676,
    0.7420632839202881,
    0.7420653104782104,
    0.7420752048492432,
    0.7420757412910461,
    0.7420804500579834,
    0.7420729398727417,
    0.7420369386672974
  ],
  "val_loss": [
    0.2566104829311371,
    0.2537404000759125,
    0.2525816857814789,
    0.25220489501953125,
    0.2518598437309265,
    0.25182411074638367,
    0.2518748641014099,
    0.25163891911506653,
    0.2516048848628998,
    0.25152453780174255,
    0.25164827704429626,
    0.2514183521270752,
    0.2514641284942627,
    0.251428484916687,
    0.2512512803077698,
    0.25122523307800293,
    0.2512663006782532,
    0.2511918544769287,
    0.25123852491378784,
    0.25119417905807495,
    0.25111061334609985,
    0.2511714994907379,
    0.2510990798473358,
    0.2510107457637787,
    0.25114357471466064,
    0.25097209215164185,
    0.25103631615638733,
    0.25090646743774414,
    0.25043150782585144,
    0.25037628412246704,
    0.2503626048564911,
    0.2503860592842102,
    0.25035712122917175,
    0.2503645420074463,
    0.25039035081863403,
    0.250399112701416,
    0.2504064738750458,
    0.25038135051727295,
    0.25037363171577454,
    0.2503451406955719,
    0.25033876299858093,
    0.250335693359375,
    0.25032857060432434,
    0.250328928232193,
    0.25032564997673035,
    0.2503255605697632,
    0.2503264844417572,
    0.2503274381160736,
    0.2503253221511841,
    0.2503248453140259,
    0.2503250539302826,
    0.2503243684768677,
    0.2503241300582886,
    0.25032371282577515,
    0.2503241002559662,
    0.25032421946525574,
    0.2503238618373871,
    0.25032344460487366,
    0.25032365322113037,
    0.2503237724304199,
    0.25032415986061096
  ],
  "learning_rate": [
    0.0010000000474974513,
    0.0010000000474974513,
    0.0010000000474974513,
    0.0010000000474974513,
    0.0010000000474974513,
    0.0010000000474974513,
    0.0010000000474974513,
    0.0010000000474974513,
    0.0010000000474974513,
    0.0010000000474974513,
    0.0010000000474974513,
    0.0010000000474974513,
    0.0010000000474974513,
    0.0010000000474974513,
    0.0010000000474974513,
    0.0010000000474974513,
    0.0010000000474974513,
    0.0010000000474974513,
    0.0010000000474974513,
    0.0010000000474974513,
    0.0010000000474974513,
    0.0010000000474974513,
    0.0010000000474974513,
    0.0010000000474974513,
    0.0010000000474974513,
    0.0010000000474974513,
    0.0010000000474974513,
    0.0010000000474974513,
    0.0003000000142492354,
    0.0003000000142492354,
    0.0003000000142492354,
    0.0003000000142492354,
    0.0003000000142492354,
    0.0003000000142492354,
    0.0003000000142492354,
    0.0003000000142492354,
    0.0003000000142492354,
    9.000000136438757e-05,
    9.000000136438757e-05,
    9.000000136438757e-05,
    9.000000136438757e-05,
    9.000000136438757e-05,
    2.700000004551839e-05,
    2.700000004551839e-05,
    2.700000004551839e-05,
    2.700000004551839e-05,
    2.700000004551839e-05,
    8.099999831756577e-06,
    8.099999831756577e-06,
    8.099999831756577e-06,
    8.099999831756577e-06,
    8.099999831756577e-06,
    2.429999995001708e-06,
    2.429999995001708e-06,
    2.429999995001708e-06,
    2.429999995001708e-06,
    2.429999995001708e-06,
    9.999999974752427e-07,
    9.999999974752427e-07,
    9.999999974752427e-07,
    9.999999974752427e-07
  ]
}