{
  "auc": [
    0.6548982858657837,
    0.7018011808395386,
    0.7115308046340942,
    0.7150188088417053,
    0.7204959392547607,
    0.7212713956832886,
    0.7218400835990906,
    0.7247347235679626,
    0.724158525466919,
    0.7254576683044434,
    0.7257004976272583,
    0.725151538848877,
    0.7281057834625244,
    0.7272453308105469,
    0.7288431525230408,
    0.7286942005157471,
    0.7291850447654724,
    0.7294749021530151,
    0.7301685810089111,
    0.7300823926925659,
    0.7306203842163086,
    0.7306848764419556,
    0.7314427495002747,
    0.7320019602775574,
    0.7323487997055054,
    0.7322198152542114,
    0.7328879833221436,
    0.7330870032310486,
    0.7332803606987,
    0.733965277671814,
    0.7339903116226196,
    0.7341179847717285,
    0.734770655632019,
    0.7346041202545166,
    0.7359707355499268,
    0.7358502745628357,
    0.7370477914810181,
    0.7366268634796143,
    0.7362493872642517,
    0.7374491691589355,
    0.7374937534332275,
    0.7372239828109741,
    0.7375530004501343,
    0.7373718023300171,
    0.7374719381332397,
    0.7370471358299255,
    0.7371522188186646,
    0.7371944189071655
  ],
  "loss": [
    0.28869593143463135,
    0.2691512405872345,
    0.26569128036499023,
    0.26507997512817383,
    0.26340556144714355,
    0.2632044851779938,
    0.2628134787082672,
    0.26238346099853516,
    0.26205289363861084,
    0.2620578408241272,
    0.26182475686073303,
    0.2619272768497467,
    0.260966420173645,
    0.261366605758667,
    0.2613598704338074,
    0.26110318303108215,
    0.2610618472099304,
    0.26090502738952637,
    0.2607487440109253,
    0.26051419973373413,
    0.2605876624584198,
    0.26049989461898804,
    0.26039132475852966,
    0.2602991759777069,
    0.26019784808158875,
    0.2600700259208679,
    0.25997474789619446,
    0.26000577211380005,
    0.25970184803009033,
    0.25975683331489563,
    0.2597947418689728,
    0.25976139307022095,
    0.25944989919662476,
    0.2595641613006592,
    0.2590020000934601,
    0.2590789496898651,
    0.2588735520839691,
    0.25892648100852966,
    0.2588478922843933,
    0.25859346985816956,
    0.2585684061050415,
    0.25856396555900574,
    0.25850820541381836,
    0.25862568616867065,
    0.25846073031425476,
    0.25876960158348083,
    0.2584724426269531,
    0.2585163712501526
  ],
  "val_auc": [
    0.7104058861732483,
    0.7226290702819824,
    0.7291587591171265,
    0.7298531532287598,
    0.7311012148857117,
    0.7325048446655273,
    0.7336772084236145,
    0.7336288094520569,
    0.7336025238037109,
    0.7335265874862671,
    0.734214186668396,
    0.7342922687530518,
    0.7344805002212524,
    0.7349579930305481,
    0.7350398302078247,
    0.734630286693573,
    0.7350728511810303,
    0.7351608872413635,
    0.7349406480789185,
    0.7354644536972046,
    0.7352122068405151,
    0.7355142831802368,
    0.7353092432022095,
    0.7356054782867432,
    0.7354763150215149,
    0.7358391284942627,
    0.735873281955719,
    0.736113429069519,
    0.7365001440048218,
    0.7361345291137695,
    0.7357653975486755,
    0.7362548112869263,
    0.7365134954452515,
    0.7358735799789429,
    0.735480785369873,
    0.7359488606452942,
    0.7360652685165405,
    0.735563337802887,
    0.7357470393180847,
    0.7359652519226074,
    0.7357195615768433,
    0.7359457015991211,
    0.7359884977340698,
    0.7359517812728882,
    0.7356677651405334,
    0.7358853816986084,
    0.7357532978057861,
    0.7359981536865234
  ],
  "val_loss": [
    0.2652301490306854,
    0.261389821767807,
    0.2600017786026001,
    0.2590467631816864,
    0.25847190618515015,
    0.2586142122745514,
    0.2590048909187317,
    0.25874239206314087,
    0.2585003972053528,
    0.2582128345966339,
    0.25889185070991516,
    0.258385568857193,
    0.25827038288116455,
    0.2589273154735565,
    0.2590387463569641,
    0.2586136758327484,
    0.2586897611618042,
    0.2585965692996979,
    0.2578890919685364,
    0.2585320770740509,
    0.2590287923812866,
    0.2580651342868805,
    0.25798824429512024,
    0.2582394778728485,
    0.2578902542591095,
    0.25838354229927063,
    0.2580927312374115,
    0.2585503160953522,
    0.2586022615432739,
    0.25826647877693176,
    0.25776973366737366,
    0.25812339782714844,
    0.25832313299179077,
    0.2579633593559265,
    0.25720691680908203,
    0.2572585344314575,
    0.2573336064815521,
    0.2571689486503601,
    0.257177472114563,
    0.2571970522403717,
    0.2571285665035248,
    0.2571426331996918,
    0.25721171498298645,
    0.25718575716018677,
    0.25710201263427734,
    0.25711265206336975,
    0.257097452878952,
    0.2571209967136383
  ],
  "learning_rate": [
    0.0010000000474974513,
    0.0010000000474974513,
    0.0010000000474974513,
    0.0010000000474974513,
    0.0010000000474974513,
    0.0010000000474974513,
    0.0010000000474974513,
    0.0010000000474974513,
    0.0010000000474974513,
    0.0010000000474974513,
    0.0010000000474974513,
    0.0010000000474974513,
    0.0010000000474974513,
    0.0010000000474974513,
    0.0010000000474974513,
    0.0010000000474974513,
    0.0010000000474974513,
    0.0010000000474974513,
    0.0010000000474974513,
    0.0010000000474974513,
    0.0010000000474974513,
    0.0010000000474974513,
    0.0010000000474974513,
    0.0010000000474974513,
    0.0010000000474974513,
    0.0010000000474974513,
    0.0010000000474974513,
    0.0010000000474974513,
    0.0010000000474974513,
    0.0010000000474974513,
    0.0010000000474974513,
    0.0010000000474974513,
    0.0010000000474974513,
    0.0010000000474974513,
    0.0003000000142492354,
    0.0003000000142492354,
    0.0003000000142492354,
    0.0003000000142492354,
    0.0003000000142492354,
    9.000000136438757e-05,
    9.000000136438757e-05,
    9.000000136438757e-05,
    9.000000136438757e-05,
    9.000000136438757e-05,
    2.700000004551839e-05,
    2.700000004551839e-05,
    2.700000004551839e-05,
    2.700000004551839e-05
  ]
}