{
  "auc": [
    0.6432310342788696,
    0.6938984990119934,
    0.7044461965560913,
    0.7089168429374695,
    0.7158832550048828,
    0.7169578075408936,
    0.7179743647575378,
    0.7215096950531006,
    0.7207830548286438,
    0.7227385640144348,
    0.7229073643684387,
    0.7220679521560669,
    0.7258915901184082,
    0.7244923710823059,
    0.725631833076477,
    0.7260395288467407,
    0.7262978553771973,
    0.7266020774841309,
    0.7274103164672852,
    0.7268244624137878,
    0.72779780626297,
    0.7293225526809692,
    0.7299517393112183,
    0.7300961017608643,
    0.7298044562339783,
    0.7299567461013794,
    0.7303624749183655,
    0.7310177087783813,
    0.7310394048690796,
    0.7302849292755127,
    0.7317025661468506,
    0.7312610745429993,
    0.7316810488700867,
    0.7313939332962036,
    0.7317646145820618,
    0.7318053841590881,
    0.7323262691497803,
    0.7320395112037659,
    0.7318332195281982,
    0.7324073314666748,
    0.7326095700263977,
    0.7324267625808716,
    0.7325500249862671,
    0.7321494817733765
  ],
  "loss": [
    0.29733777046203613,
    0.2762214243412018,
    0.27196013927459717,
    0.27094289660453796,
    0.26904696226119995,
    0.26856645941734314,
    0.26775217056274414,
    0.26728513836860657,
    0.2670000493526459,
    0.26687318086624146,
    0.26650291681289673,
    0.2666776180267334,
    0.2655327320098877,
    0.26594385504722595,
    0.2661250829696655,
    0.26559871435165405,
    0.26566585898399353,
    0.2655811011791229,
    0.26542121171951294,
    0.26509785652160645,
    0.2652430236339569,
    0.2645266056060791,
    0.2643562853336334,
    0.26444917917251587,
    0.26441505551338196,
    0.26435136795043945,
    0.264169305562973,
    0.2641009986400604,
    0.26381716132164,
    0.2642899453639984,
    0.2642281949520111,
    0.264080673456192,
    0.26378771662712097,
    0.26411932706832886,
    0.26374489068984985,
    0.26374131441116333,
    0.26358211040496826,
    0.26364198327064514,
    0.26356276869773865,
    0.2634713053703308,
    0.26345381140708923,
    0.2633637487888336,
    0.263626366853714,
    0.26350826025009155
  ],
  "val_auc": [
    0.7033778429031372,
    0.7157189846038818,
    0.7234674692153931,
    0.7258999347686768,
    0.7290353178977966,
    0.7298687696456909,
    0.7311300039291382,
    0.7318291068077087,
    0.7321580648422241,
    0.7308250069618225,
    0.7325400114059448,
    0.732622504234314,
    0.7328606843948364,
    0.7321621179580688,
    0.7325488328933716,
    0.7332820296287537,
    0.7332975268363953,
    0.7329801321029663,
    0.733087956905365,
    0.7333713173866272,
    0.733117938041687,
    0.7328835129737854,
    0.7330300807952881,
    0.7330154180526733,
    0.7333351373672485,
    0.7335523366928101,
    0.7335329055786133,
    0.7338570356369019,
    0.7339737415313721,
    0.7337131500244141,
    0.7336091995239258,
    0.7336252331733704,
    0.7337928414344788,
    0.7336951494216919,
    0.7336812615394592,
    0.7336784601211548,
    0.7335695028305054,
    0.7335160374641418,
    0.7335482835769653,
    0.7336317896842957,
    0.7335205078125,
    0.7335013151168823,
    0.7335699200630188,
    0.733657717704773
  ],
  "val_loss": [
    0.27343329787254333,
    0.26751697063446045,
    0.2647263705730438,
    0.26401931047439575,
    0.26329100131988525,
    0.2636742889881134,
    0.2631467580795288,
    0.26426416635513306,
    0.2635086178779602,
    0.26360905170440674,
    0.263260155916214,
    0.2632865309715271,
    0.2636868953704834,
    0.2622891962528229,
    0.26374107599258423,
    0.2640726566314697,
    0.2642037570476532,
    0.2629736065864563,
    0.26309844851493835,
    0.2628803551197052,
    0.2636050581932068,
    0.26180943846702576,
    0.26172906160354614,
    0.26174190640449524,
    0.26201438903808594,
    0.2618025839328766,
    0.261725515127182,
    0.2626293897628784,
    0.2621465027332306,
    0.2619965076446533,
    0.26210373640060425,
    0.26179322600364685,
    0.26232269406318665,
    0.26177531480789185,
    0.2617168724536896,
    0.2615851163864136,
    0.26162976026535034,
    0.26154524087905884,
    0.2616027295589447,
    0.26156875491142273,
    0.261522501707077,
    0.2615119516849518,
    0.26155638694763184,
    0.261568158864975
  ],
  "learning_rate": [
    0.0010000000474974513,
    0.0010000000474974513,
    0.0010000000474974513,
    0.0010000000474974513,
    0.0010000000474974513,
    0.0010000000474974513,
    0.0010000000474974513,
    0.0010000000474974513,
    0.0010000000474974513,
    0.0010000000474974513,
    0.0010000000474974513,
    0.0010000000474974513,
    0.0010000000474974513,
    0.0010000000474974513,
    0.0010000000474974513,
    0.0010000000474974513,
    0.0010000000474974513,
    0.0010000000474974513,
    0.0010000000474974513,
    0.0010000000474974513,
    0.0010000000474974513,
    0.0003000000142492354,
    0.0003000000142492354,
    0.0003000000142492354,
    0.0003000000142492354,
    0.0003000000142492354,
    0.0003000000142492354,
    0.0003000000142492354,
    0.0003000000142492354,
    0.0003000000142492354,
    0.0003000000142492354,
    0.0003000000142492354,
    0.0003000000142492354,
    0.0003000000142492354,
    9.000000136438757e-05,
    9.000000136438757e-05,
    9.000000136438757e-05,
    9.000000136438757e-05,
    9.000000136438757e-05,
    2.700000004551839e-05,
    2.700000004551839e-05,
    2.700000004551839e-05,
    2.700000004551839e-05,
    2.700000004551839e-05
  ]
}