{
  "auc": [
    0.6683361530303955,
    0.7108504772186279,
    0.7185832262039185,
    0.7209609150886536,
    0.7248719930648804,
    0.72553551197052,
    0.726414144039154,
    0.7286893129348755,
    0.728193998336792,
    0.7289613485336304,
    0.7290807962417603,
    0.7295470237731934,
    0.7311401963233948,
    0.7307573556900024,
    0.7324562668800354,
    0.7323641180992126,
    0.7327274680137634,
    0.7323623895645142,
    0.7334946393966675,
    0.7338519096374512,
    0.7351871728897095,
    0.7358178496360779,
    0.7359740734100342,
    0.7364012002944946,
    0.7365119457244873,
    0.7363901138305664,
    0.7371444702148438,
    0.7372820377349854,
    0.7369264364242554,
    0.7377848029136658,
    0.737574577331543,
    0.7374986410140991,
    0.7384277582168579,
    0.7384207248687744,
    0.7377091646194458,
    0.7379148006439209,
    0.7391276359558105,
    0.7378501892089844,
    0.7378278970718384,
    0.7383401393890381,
    0.7384657263755798,
    0.7384196519851685,
    0.7388134598731995,
    0.7383316159248352,
    0.7381694316864014,
    0.7381768226623535,
    0.7377952337265015,
    0.7386264801025391,
    0.7393024563789368,
    0.739392876625061,
    0.7376075387001038,
    0.7377917170524597
  ],
  "loss": [
    0.28134116530418396,
    0.26271599531173706,
    0.2598342299461365,
    0.259098082780838,
    0.2578873336315155,
    0.25768256187438965,
    0.25751811265945435,
    0.2569766640663147,
    0.2569279372692108,
    0.25681111216545105,
    0.25664445757865906,
    0.25656798481941223,
    0.2561393678188324,
    0.2561597228050232,
    0.2559052109718323,
    0.2558354139328003,
    0.2557404637336731,
    0.2557276785373688,
    0.2555806636810303,
    0.2553730905056,
    0.25516343116760254,
    0.25497186183929443,
    0.2548658847808838,
    0.25479748845100403,
    0.25475260615348816,
    0.2547224760055542,
    0.25452592968940735,
    0.2544920742511749,
    0.2545642554759979,
    0.25441473722457886,
    0.254445880651474,
    0.2544867992401123,
    0.25407636165618896,
    0.25406649708747864,
    0.25441232323646545,
    0.2543879449367523,
    0.25401097536087036,
    0.254302442073822,
    0.25424066185951233,
    0.2542167007923126,
    0.25411465764045715,
    0.25409960746765137,
    0.2540552020072937,
    0.2540940046310425,
    0.2541022002696991,
    0.2542353570461273,
    0.25422021746635437,
    0.2541286051273346,
    0.25396639108657837,
    0.2539292275905609,
    0.25422999262809753,
    0.25430670380592346
  ],
  "val_auc": [
    0.7190292477607727,
    0.7288533449172974,
    0.7323060035705566,
    0.7333918809890747,
    0.7344229221343994,
    0.7349022626876831,
    0.7349706888198853,
    0.7355626821517944,
    0.7354846000671387,
    0.7359269857406616,
    0.7359607219696045,
    0.7360639572143555,
    0.7365155220031738,
    0.7362638711929321,
    0.7369722127914429,
    0.736664891242981,
    0.7369003295898438,
    0.7367323637008667,
    0.737045407295227,
    0.7367111444473267,
    0.7376284599304199,
    0.7375103235244751,
    0.737789511680603,
    0.7378627061843872,
    0.7376037836074829,
    0.7379144430160522,
    0.7382047176361084,
    0.7381281852722168,
    0.7380501627922058,
    0.7378199696540833,
    0.7382642030715942,
    0.7379840612411499,
    0.7379850149154663,
    0.7381664514541626,
    0.738408625125885,
    0.7382558584213257,
    0.7384897470474243,
    0.7381800413131714,
    0.7379283905029297,
    0.7381819486618042,
    0.738292932510376,
    0.7382564544677734,
    0.7382949590682983,
    0.7383754253387451,
    0.7383562922477722,
    0.7383540272712708,
    0.7383847236633301,
    0.7383738160133362,
    0.7383645176887512,
    0.7382761836051941,
    0.7383421659469604,
    0.7383309602737427
  ],
  "val_loss": [
    0.25906625390052795,
    0.2555367052555084,
    0.25419881939888,
    0.25391820073127747,
    0.25357264280319214,
    0.25357910990715027,
    0.25361567735671997,
    0.25338417291641235,
    0.2533765137195587,
    0.25323954224586487,
    0.2533314526081085,
    0.25316983461380005,
    0.2531716823577881,
    0.25311997532844543,
    0.252936989068985,
    0.25296396017074585,
    0.25294041633605957,
    0.25293636322021484,
    0.2529210150241852,
    0.2528623640537262,
    0.2523471713066101,
    0.2523270547389984,
    0.2523222863674164,
    0.2522929012775421,
    0.252288281917572,
    0.25222691893577576,
    0.2522588074207306,
    0.2522372007369995,
    0.25225964188575745,
    0.2522728741168976,
    0.2522343397140503,
    0.25226935744285583,
    0.2522619962692261,
    0.2522619068622589,
    0.2522674798965454,
    0.25226151943206787,
    0.25224393606185913,
    0.2522486448287964,
    0.2522439658641815,
    0.2522321939468384,
    0.2522284686565399,
    0.25223228335380554,
    0.2522262632846832,
    0.25222209095954895,
    0.2522239089012146,
    0.2522251307964325,
    0.25222650170326233,
    0.252226859331131,
    0.25222381949424744,
    0.2522223889827728,
    0.2522226870059967,
    0.25222325325012207
  ],
  "learning_rate": [
    0.0010000000474974513,
    0.0010000000474974513,
    0.0010000000474974513,
    0.0010000000474974513,
    0.0010000000474974513,
    0.0010000000474974513,
    0.0010000000474974513,
    0.0010000000474974513,
    0.0010000000474974513,
    0.0010000000474974513,
    0.0010000000474974513,
    0.0010000000474974513,
    0.0010000000474974513,
    0.0010000000474974513,
    0.0010000000474974513,
    0.0010000000474974513,
    0.0010000000474974513,
    0.0010000000474974513,
    0.0010000000474974513,
    0.0010000000474974513,
    0.0003000000142492354,
    0.0003000000142492354,
    0.0003000000142492354,
    0.0003000000142492354,
    0.0003000000142492354,
    0.0003000000142492354,
    0.0003000000142492354,
    0.0003000000142492354,
    0.0003000000142492354,
    0.0003000000142492354,
    0.0003000000142492354,
    0.0003000000142492354,
    9.000000136438757e-05,
    9.000000136438757e-05,
    9.000000136438757e-05,
    9.000000136438757e-05,
    9.000000136438757e-05,
    9.000000136438757e-05,
    9.000000136438757e-05,
    9.000000136438757e-05,
    2.700000004551839e-05,
    2.700000004551839e-05,
    2.700000004551839e-05,
    2.700000004551839e-05,
    2.700000004551839e-05,
    8.099999831756577e-06,
    8.099999831756577e-06,
    8.099999831756577e-06,
    8.099999831756577e-06,
    8.099999831756577e-06,
    2.429999995001708e-06,
    2.429999995001708e-06
  ]
}