{
  "auc": [
    0.5994405746459961,
    0.6787137985229492,
    0.7111020088195801,
    0.7221859693527222,
    0.7256026268005371,
    0.7266486883163452,
    0.727026104927063,
    0.7271996736526489,
    0.7272314429283142,
    0.7272980213165283,
    0.7272762060165405,
    0.7273026704788208,
    0.7273464202880859,
    0.7273722887039185,
    0.7273756861686707,
    0.7273948192596436,
    0.7273942232131958,
    0.7274034023284912,
    0.7274026870727539,
    0.7274028062820435,
    0.727415144443512,
    0.727421224117279,
    0.7274258136749268,
    0.7274260520935059,
    0.7274286150932312,
    0.7274290323257446,
    0.7274250388145447,
    0.7274228930473328,
    0.7274212837219238,
    0.727420449256897,
    0.7274222373962402,
    0.7274220585823059,
    0.7274209260940552,
    0.7274205684661865,
    0.7274194955825806
  ],
  "loss": [
    0.7159415483474731,
    0.6450620889663696,
    0.6226695775985718,
    0.6147482991218567,
    0.6121148467063904,
    0.6112515926361084,
    0.6109393239021301,
    0.610803484916687,
    0.6107330322265625,
    0.6106919050216675,
    0.6106665730476379,
    0.6106489300727844,
    0.6106371283531189,
    0.6106277108192444,
    0.6106204986572266,
    0.6106146574020386,
    0.6106098294258118,
    0.6106060147285461,
    0.6106025576591492,
    0.6106000542640686,
    0.6105974316596985,
    0.6105959415435791,
    0.6105940341949463,
    0.6105926632881165,
    0.610591471195221,
    0.6105905771255493,
    0.610589861869812,
    0.6105892062187195,
    0.6105884909629822,
    0.6105875968933105,
    0.6105872392654419,
    0.6105870604515076,
    0.6105864644050598,
    0.6105861067771912,
    0.6105861663818359
  ],
  "val_auc": [
    0.6487968564033508,
    0.6995570063591003,
    0.7185190916061401,
    0.7245569229125977,
    0.7264846563339233,
    0.7270557284355164,
    0.7272011041641235,
    0.7273423671722412,
    0.7273605465888977,
    0.7273920774459839,
    0.7274284362792969,
    0.727421224117279,
    0.727432131767273,
    0.727454423904419,
    0.7274443507194519,
    0.727435827255249,
    0.7274309396743774,
    0.727454423904419,
    0.7274581789970398,
    0.7274588942527771,
    0.7274523377418518,
    0.7274547815322876,
    0.7274473309516907,
    0.7274367809295654,
    0.727441668510437,
    0.7274409532546997,
    0.7274332046508789,
    0.7274398803710938,
    0.72743821144104,
    0.7274360656738281,
    0.7274414300918579,
    0.7274438142776489,
    0.7274459600448608,
    0.727446973323822,
    0.727446436882019
  ],
  "val_loss": [
    0.6928555369377136,
    0.6328566074371338,
    0.6161156296730042,
    0.6105360388755798,
    0.6086534261703491,
    0.6079722046852112,
    0.607707142829895,
    0.6076160073280334,
    0.6076064705848694,
    0.6076352000236511,
    0.607678234577179,
    0.6077249646186829,
    0.6077684164047241,
    0.6078073382377625,
    0.6078406572341919,
    0.6078683733940125,
    0.6078910827636719,
    0.6079093217849731,
    0.6079238653182983,
    0.6079353094100952,
    0.6079444885253906,
    0.6079511046409607,
    0.60795658826828,
    0.6079604029655457,
    0.6079631447792053,
    0.6079648733139038,
    0.6079666018486023,
    0.6079673171043396,
    0.6079680323600769,
    0.6079681515693665,
    0.607968270778656,
    0.6079680323600769,
    0.6079677939414978,
    0.6079673767089844,
    0.6079671382904053
  ]
}