{
  "auc": [
    0.7219187021255493,
    0.7332062721252441,
    0.7352964878082275,
    0.7366283535957336,
    0.7375127077102661,
    0.7382136583328247,
    0.7388055324554443,
    0.7392476797103882,
    0.7396513819694519,
    0.7399882674217224,
    0.7403143644332886,
    0.7406020164489746,
    0.740851879119873,
    0.7410892248153687,
    0.7413170337677002,
    0.7414965033531189,
    0.7416772842407227,
    0.7418462038040161,
    0.7419641017913818,
    0.7421051859855652,
    0.7422244548797607,
    0.7423397302627563,
    0.7424322366714478,
    0.742542564868927,
    0.7426719665527344,
    0.7428271174430847,
    0.7429107427597046,
    0.7430530786514282,
    0.7431547045707703,
    0.7432904839515686,
    0.7434269189834595,
    0.7434942722320557,
    0.7435916066169739,
    0.7436884045600891,
    0.7437647581100464,
    0.7438545227050781,
    0.7439462542533875,
    0.7440285682678223,
    0.7441096305847168,
    0.7442066073417664,
    0.7442878484725952,
    0.7443577647209167,
    0.7444429397583008,
    0.7445169687271118,
    0.7445452809333801,
    0.744590163230896,
    0.7446551322937012,
    0.7447307705879211,
    0.7447990775108337,
    0.744841456413269,
    0.744881272315979,
    0.7449365854263306,
    0.7449688911437988,
    0.7450162768363953,
    0.7450801134109497,
    0.7451281547546387,
    0.7451944947242737,
    0.745221734046936,
    0.7452625036239624,
    0.7453081607818604,
    0.7453585267066956,
    0.7454076409339905,
    0.7454598546028137,
    0.7455043792724609,
    0.7455271482467651,
    0.7455861568450928,
    0.7456111907958984,
    0.7456631064414978,
    0.7457099556922913
  ],
  "loss": [
    0.614640474319458,
    0.6058840751647949,
    0.6041542887687683,
    0.6030634641647339,
    0.6023086309432983,
    0.6017236709594727,
    0.6012433171272278,
    0.6008512377738953,
    0.6005270481109619,
    0.6002330780029297,
    0.5999670624732971,
    0.5997269749641418,
    0.5995146036148071,
    0.5993156433105469,
    0.5991436243057251,
    0.598983645439148,
    0.5988436341285706,
    0.5987064242362976,
    0.598585307598114,
    0.598479151725769,
    0.5983814597129822,
    0.5982755422592163,
    0.5981870889663696,
    0.5980920195579529,
    0.5979955196380615,
    0.5979018211364746,
    0.5977993011474609,
    0.5977029800415039,
    0.5976030826568604,
    0.5975093841552734,
    0.5974168181419373,
    0.5973299741744995,
    0.5972390174865723,
    0.5971685647964478,
    0.597088098526001,
    0.5970189571380615,
    0.5969523787498474,
    0.5968766808509827,
    0.5968083739280701,
    0.5967421531677246,
    0.5966717004776001,
    0.5966057777404785,
    0.5965480804443359,
    0.5964950323104858,
    0.5964547395706177,
    0.5964025259017944,
    0.5963487029075623,
    0.5962998867034912,
    0.5962573289871216,
    0.5962157249450684,
    0.5961657762527466,
    0.5961159467697144,
    0.5960735082626343,
    0.5960329174995422,
    0.5959917306900024,
    0.5959466099739075,
    0.5959070324897766,
    0.5958687663078308,
    0.5958331823348999,
    0.5957930088043213,
    0.5957598090171814,
    0.5957202911376953,
    0.5956871509552002,
    0.5956475138664246,
    0.5956153273582458,
    0.5955825448036194,
    0.5955539345741272,
    0.595520555973053,
    0.5954877734184265
  ],
  "val_auc": [
    0.7321240901947021,
    0.7348130941390991,
    0.7361966967582703,
    0.7371323108673096,
    0.737734317779541,
    0.7381452322006226,
    0.7385566234588623,
    0.738904595375061,
    0.7391234040260315,
    0.7394556403160095,
    0.7396777272224426,
    0.7399076819419861,
    0.740059494972229,
    0.7402795553207397,
    0.7403286695480347,
    0.7405226230621338,
    0.7405728101730347,
    0.7406136393547058,
    0.7406667470932007,
    0.740720808506012,
    0.7408066987991333,
    0.7408848404884338,
    0.7409237623214722,
    0.7409803867340088,
    0.7410261034965515,
    0.7410675883293152,
    0.741152286529541,
    0.7412598133087158,
    0.7412889003753662,
    0.7413821816444397,
    0.7414214611053467,
    0.741412341594696,
    0.7414218187332153,
    0.7414807677268982,
    0.7414959669113159,
    0.7414841651916504,
    0.7415112853050232,
    0.7415337562561035,
    0.7415235042572021,
    0.7415127158164978,
    0.7414752840995789,
    0.741483211517334,
    0.7414686679840088,
    0.7414723634719849,
    0.7414065599441528,
    0.7414787411689758,
    0.7414886951446533,
    0.7414844036102295,
    0.7414693832397461,
    0.7414792776107788,
    0.7415714263916016,
    0.7415323853492737,
    0.7415732145309448,
    0.7416146993637085,
    0.7415804266929626,
    0.7415183782577515,
    0.7415103912353516,
    0.7415056824684143,
    0.7415110468864441,
    0.7415362596511841,
    0.7415119409561157,
    0.7414421439170837,
    0.7414764761924744,
    0.7414280772209167,
    0.7414774298667908,
    0.7414422035217285,
    0.7414044737815857,
    0.7414354085922241,
    0.7414341568946838
  ],
  "val_loss": [
    0.6198943257331848,
    0.6171583533287048,
    0.6155726909637451,
    0.6147847771644592,
    0.6141330003738403,
    0.6132374405860901,
    0.6125714778900146,
    0.6122086048126221,
    0.6116006374359131,
    0.6115819215774536,
    0.6117369532585144,
    0.6114974617958069,
    0.6115743517875671,
    0.6114650368690491,
    0.6111350059509277,
    0.6113907098770142,
    0.6114420890808105,
    0.6113113760948181,
    0.6113560795783997,
    0.6112895011901855,
    0.6112479567527771,
    0.6112104058265686,
    0.6111018657684326,
    0.6113235354423523,
    0.611574113368988,
    0.6113952398300171,
    0.6109899878501892,
    0.6110210418701172,
    0.6108021140098572,
    0.6109079122543335,
    0.6108283400535583,
    0.6108195185661316,
    0.6107206344604492,
    0.6104921102523804,
    0.610647439956665,
    0.6105060577392578,
    0.6107255816459656,
    0.6106123328208923,
    0.6107538342475891,
    0.6107555031776428,
    0.6107669472694397,
    0.6109524369239807,
    0.6108400225639343,
    0.610892117023468,
    0.6108733415603638,
    0.6108009219169617,
    0.6106081008911133,
    0.6105458736419678,
    0.6104400157928467,
    0.6101898550987244,
    0.6101902723312378,
    0.6101624965667725,
    0.6100677847862244,
    0.6099712252616882,
    0.6098445653915405,
    0.6098501682281494,
    0.6098214387893677,
    0.6098145842552185,
    0.6096730828285217,
    0.609575629234314,
    0.6095525622367859,
    0.6096254587173462,
    0.60952228307724,
    0.6093620657920837,
    0.6093804836273193,
    0.6094398498535156,
    0.6093795895576477,
    0.6094020009040833,
    0.6093342900276184
  ]
}