{
  "auc": [
    0.7183097004890442,
    0.7288215160369873,
    0.7313833832740784,
    0.7327448129653931,
    0.7340863943099976,
    0.7349025011062622,
    0.7357479333877563,
    0.7364163994789124,
    0.7372125387191772,
    0.7382194995880127,
    0.7375874519348145,
    0.7382609248161316,
    0.7382553815841675,
    0.7390315532684326,
    0.7387949228286743,
    0.7402151823043823,
    0.740177571773529,
    0.7404787540435791,
    0.7408068776130676,
    0.7407866716384888,
    0.7410275936126709,
    0.7415727376937866,
    0.7413113117218018,
    0.7420291900634766,
    0.7418680787086487,
    0.7413375973701477,
    0.7421446442604065,
    0.7418124675750732,
    0.7427176237106323,
    0.7425161004066467,
    0.7420177459716797,
    0.7425521016120911,
    0.7440275549888611,
    0.7428089380264282,
    0.7417573928833008,
    0.7427754402160645,
    0.743137776851654,
    0.7435528039932251,
    0.7440251111984253,
    0.7441283464431763,
    0.7432041764259338,
    0.7446027398109436,
    0.7445312738418579,
    0.7442656755447388,
    0.7443253993988037,
    0.7450833916664124,
    0.7450506091117859
  ],
  "loss": [
    0.6176895499229431,
    0.6098814606666565,
    0.6080292463302612,
    0.6069203019142151,
    0.6058343648910522,
    0.605143129825592,
    0.6044390201568604,
    0.6041340827941895,
    0.6031284332275391,
    0.6025263071060181,
    0.6030072569847107,
    0.6025344133377075,
    0.6025016903877258,
    0.601635217666626,
    0.6020381450653076,
    0.6009209156036377,
    0.6008024215698242,
    0.6002808809280396,
    0.6003750562667847,
    0.6002777814865112,
    0.5998398661613464,
    0.6000570058822632,
    0.5997620224952698,
    0.5991393327713013,
    0.5992923378944397,
    0.5996317863464355,
    0.5991881489753723,
    0.5993333458900452,
    0.5987090468406677,
    0.5989386439323425,
    0.5990826487541199,
    0.5987122654914856,
    0.5976121425628662,
    0.5984867215156555,
    0.5992923378944397,
    0.598538339138031,
    0.5981201529502869,
    0.5978268384933472,
    0.5974216461181641,
    0.5973712205886841,
    0.5980599522590637,
    0.596618115901947,
    0.597023069858551,
    0.5970966219902039,
    0.5969446897506714,
    0.596647322177887,
    0.596664547920227
  ],
  "val_auc": [
    0.7349182963371277,
    0.7367422580718994,
    0.7377521395683289,
    0.7385173439979553,
    0.7389906048774719,
    0.7395151853561401,
    0.7404463887214661,
    0.7406367063522339,
    0.7411074638366699,
    0.7410395741462708,
    0.7409989833831787,
    0.7416658997535706,
    0.7416783571243286,
    0.7419743537902832,
    0.7419804334640503,
    0.7419021129608154,
    0.7418926954269409,
    0.7417199611663818,
    0.7419217228889465,
    0.7419452667236328,
    0.7417551279067993,
    0.741938591003418,
    0.7416602373123169,
    0.7417172193527222,
    0.7418211102485657,
    0.7421470284461975,
    0.7418100833892822,
    0.7418829798698425,
    0.7417768836021423,
    0.7416778206825256,
    0.7422746419906616,
    0.7423738241195679,
    0.7421531677246094,
    0.7422841787338257,
    0.7421326637268066,
    0.7416861057281494,
    0.7421536445617676,
    0.7420796751976013,
    0.7420505285263062,
    0.7417685985565186,
    0.741774320602417,
    0.7419564127922058,
    0.7423102855682373,
    0.7417429685592651,
    0.7414329051971436,
    0.7414437532424927,
    0.7417979836463928
  ],
  "val_loss": [
    0.6332356929779053,
    0.6265668869018555,
    0.6213334202766418,
    0.6143794655799866,
    0.6210847496986389,
    0.6168864369392395,
    0.611732542514801,
    0.6140438914299011,
    0.6146396398544312,
    0.6106240153312683,
    0.6106254458427429,
    0.602591872215271,
    0.6108311414718628,
    0.6042205691337585,
    0.6083937287330627,
    0.6052355766296387,
    0.607760488986969,
    0.6004041433334351,
    0.605505645275116,
    0.6050000786781311,
    0.6049352884292603,
    0.6018743515014648,
    0.5994017720222473,
    0.6033429503440857,
    0.600410521030426,
    0.5953181982040405,
    0.597734272480011,
    0.602170467376709,
    0.6021283864974976,
    0.6041295528411865,
    0.5965880751609802,
    0.5983600616455078,
    0.6003570556640625,
    0.6045228838920593,
    0.6022953391075134,
    0.5963720083236694,
    0.5997713804244995,
    0.6011527180671692,
    0.5988458395004272,
    0.598281979560852,
    0.6020557880401611,
    0.5943015217781067,
    0.5981144905090332,
    0.5940952301025391,
    0.5932012796401978,
    0.5932046175003052,
    0.5956275463104248
  ]
}