{
  "auc": [
    0.7153533697128296,
    0.7263292074203491,
    0.7282826900482178,
    0.7301503419876099,
    0.7327743768692017,
    0.7327178716659546,
    0.7346801161766052,
    0.7350820302963257,
    0.7350615859031677,
    0.7362558841705322,
    0.7355583310127258,
    0.7363630533218384,
    0.7374604940414429,
    0.7372157573699951,
    0.7377346754074097,
    0.738088846206665,
    0.7385263442993164,
    0.7380528450012207,
    0.7389434576034546,
    0.7385374307632446,
    0.7385485172271729,
    0.7395500540733337,
    0.7391160726547241,
    0.7397903203964233,
    0.7394036054611206,
    0.739761471748352,
    0.7400729656219482,
    0.7396687269210815,
    0.7398486733436584,
    0.7402629852294922,
    0.7405933737754822,
    0.7416489124298096,
    0.7420570850372314,
    0.7425395846366882,
    0.742739737033844,
    0.7418992519378662,
    0.7421092987060547,
    0.7428163290023804,
    0.7432811856269836,
    0.7423164248466492,
    0.7436358332633972,
    0.7435168623924255,
    0.7436814904212952,
    0.7431685924530029,
    0.7432358264923096,
    0.7437798380851746,
    0.742966890335083,
    0.74334317445755,
    0.7430272102355957,
    0.7441163659095764,
    0.7434282302856445,
    0.7437518239021301,
    0.742847204208374,
    0.7434743642807007,
    0.743675708770752,
    0.7442094087600708,
    0.7444232702255249,
    0.743726909160614,
    0.7443589568138123,
    0.7438763380050659,
    0.7437706589698792,
    0.7435195446014404,
    0.7431524395942688,
    0.7431183457374573,
    0.7432667016983032,
    0.7439154386520386,
    0.7440834045410156,
    0.7440395951271057,
    0.74400794506073
  ],
  "loss": [
    0.6211787462234497,
    0.6122688055038452,
    0.6109043955802917,
    0.6094456911087036,
    0.6072416305541992,
    0.6075418591499329,
    0.6058948040008545,
    0.6051810383796692,
    0.6051328778266907,
    0.6045186519622803,
    0.6051857471466064,
    0.6046032309532166,
    0.603025496006012,
    0.6037307977676392,
    0.6028462052345276,
    0.6027567982673645,
    0.6023266911506653,
    0.6029897928237915,
    0.6019168496131897,
    0.6027801036834717,
    0.602478563785553,
    0.6018392443656921,
    0.6019853949546814,
    0.6015551686286926,
    0.601763129234314,
    0.6014062166213989,
    0.6013619899749756,
    0.601670503616333,
    0.6014144420623779,
    0.6008367538452148,
    0.6006313562393188,
    0.5994977951049805,
    0.599310576915741,
    0.5990485548973083,
    0.5987808108329773,
    0.599420964717865,
    0.5988271236419678,
    0.5984812378883362,
    0.5980132222175598,
    0.5987615585327148,
    0.5977813601493835,
    0.5977177619934082,
    0.5976189970970154,
    0.5982791781425476,
    0.5984371304512024,
    0.5977213978767395,
    0.5983620882034302,
    0.5981457233428955,
    0.5980645418167114,
    0.5975030660629272,
    0.5983221530914307,
    0.5977540612220764,
    0.598488450050354,
    0.5982491970062256,
    0.5977960824966431,
    0.5972709059715271,
    0.5968039035797119,
    0.5977194905281067,
    0.5974487066268921,
    0.5974090695381165,
    0.5977634787559509,
    0.5978769659996033,
    0.5983207821846008,
    0.5980648994445801,
    0.5982437133789062,
    0.5974258184432983,
    0.5977355241775513,
    0.597446084022522,
    0.5977991223335266
  ],
  "val_auc": [
    0.7335182428359985,
    0.7353949546813965,
    0.7370278835296631,
    0.737567126750946,
    0.7387257814407349,
    0.738925576210022,
    0.7391979098320007,
    0.7398504018783569,
    0.7400134801864624,
    0.7403661012649536,
    0.7404946088790894,
    0.7408215999603271,
    0.7411783933639526,
    0.7409160137176514,
    0.7411891222000122,
    0.7412438988685608,
    0.7413337230682373,
    0.7416534423828125,
    0.7417210340499878,
    0.7413362264633179,
    0.7416247129440308,
    0.7418437004089355,
    0.7421756982803345,
    0.741934061050415,
    0.7422130107879639,
    0.7426109313964844,
    0.7426697015762329,
    0.7425082921981812,
    0.7422091960906982,
    0.7423439025878906,
    0.7420980334281921,
    0.7423367500305176,
    0.7426185607910156,
    0.7425727844238281,
    0.7426856160163879,
    0.7426050901412964,
    0.7425589561462402,
    0.7426388263702393,
    0.7426434755325317,
    0.7426847219467163,
    0.742676317691803,
    0.7427027225494385,
    0.7427513599395752,
    0.7427552938461304,
    0.7426757216453552,
    0.7426879405975342,
    0.7426524758338928,
    0.7426737546920776,
    0.7426623106002808,
    0.7426629066467285,
    0.7426860332489014,
    0.7426568269729614,
    0.7426733374595642,
    0.7426650524139404,
    0.7426583170890808,
    0.7426477074623108,
    0.7426602244377136,
    0.7426532506942749,
    0.7426388263702393,
    0.7426323890686035,
    0.7426374554634094,
    0.742637574672699,
    0.74263596534729,
    0.742651104927063,
    0.7426489591598511,
    0.7426475882530212,
    0.7426570653915405,
    0.7426508069038391,
    0.7426549196243286
  ],
  "val_loss": [
    0.6275410652160645,
    0.6227502822875977,
    0.6215209364891052,
    0.6152822971343994,
    0.6058927178382874,
    0.6165146827697754,
    0.6177886128425598,
    0.6123485565185547,
    0.6090196371078491,
    0.6059636473655701,
    0.6120607256889343,
    0.6086376905441284,
    0.6110602021217346,
    0.6086626052856445,
    0.6118905544281006,
    0.6073116660118103,
    0.6132638454437256,
    0.6042649745941162,
    0.6068320870399475,
    0.6063203811645508,
    0.6025763750076294,
    0.6063840389251709,
    0.6098113656044006,
    0.6029040813446045,
    0.6027686595916748,
    0.6037549376487732,
    0.6059431433677673,
    0.6042198538780212,
    0.6012007594108582,
    0.6037700772285461,
    0.5982574224472046,
    0.5913553833961487,
    0.5905905365943909,
    0.5915536284446716,
    0.5900880694389343,
    0.5877978801727295,
    0.5938876867294312,
    0.5933209657669067,
    0.5906853079795837,
    0.5933776497840881,
    0.5936393141746521,
    0.5940602421760559,
    0.5949169397354126,
    0.5949817299842834,
    0.59548419713974,
    0.5946280360221863,
    0.595151960849762,
    0.5953018069267273,
    0.5953667163848877,
    0.5953462719917297,
    0.5955556035041809,
    0.5952780246734619,
    0.5955218076705933,
    0.5955836176872253,
    0.5955791473388672,
    0.5955561399459839,
    0.5954878926277161,
    0.5954120755195618,
    0.5954135060310364,
    0.595397412776947,
    0.5953643321990967,
    0.5953314900398254,
    0.5953518152236938,
    0.5953348278999329,
    0.5953523516654968,
    0.5953280925750732,
    0.5953260660171509,
    0.5953087210655212,
    0.5953220725059509
  ],