{
  "auc": [
    0.7157831192016602,
    0.7283023595809937,
    0.7309627532958984,
    0.7324727773666382,
    0.7351018190383911,
    0.7349355220794678,
    0.7358555793762207,
    0.7368335723876953,
    0.7371249198913574,
    0.7379100918769836,
    0.7381026744842529,
    0.7383445501327515,
    0.7386587262153625,
    0.7383291721343994,
    0.7399982213973999,
    0.7405137419700623,
    0.7395814657211304,
    0.7413413524627686,
    0.7420016527175903,
    0.741488516330719,
    0.7417031526565552,
    0.7414555549621582,
    0.7418085336685181,
    0.7417378425598145,
    0.7430912256240845,
    0.7426661849021912,
    0.7428255677223206,
    0.7434149980545044,
    0.7428290843963623,
    0.7435370683670044,
    0.7434277534484863,
    0.7427006959915161,
    0.7437037825584412,
    0.7430070638656616,
    0.7442495822906494,
    0.744086503982544,
    0.7444275617599487,
    0.7439208030700684,
    0.7443813681602478,
    0.7442226409912109,
    0.7447389364242554,
    0.7454027533531189,
    0.7437198758125305,
    0.7447268962860107,
    0.7443493604660034,
    0.744156002998352,
    0.7438403367996216,
    0.7440183162689209,
    0.7444734573364258,
    0.7449853420257568,
    0.7446165084838867,
    0.7441083788871765
  ],
  "loss": [
    0.6200907826423645,
    0.6105173230171204,
    0.6083629727363586,
    0.6071423292160034,
    0.6049082279205322,
    0.6052364706993103,
    0.6045135855674744,
    0.6039522886276245,
    0.603295624256134,
    0.60310298204422,
    0.6023849248886108,
    0.6024137735366821,
    0.6020766496658325,
    0.6023914813995361,
    0.6010004878044128,
    0.600368320941925,
    0.6013891696929932,
    0.5995602011680603,
    0.5992534160614014,
    0.5995003581047058,
    0.5994681715965271,
    0.5996017456054688,
    0.5992252230644226,
    0.5994418859481812,
    0.5983138680458069,
    0.5987106561660767,
    0.5983647704124451,
    0.5979490280151367,
    0.5984596014022827,
    0.5980044603347778,
    0.5979081988334656,
    0.5983701348304749,
    0.5974311828613281,
    0.5983635783195496,
    0.5971699357032776,
    0.5972881317138672,
    0.5968601703643799,
    0.5972702503204346,
    0.5970926284790039,
    0.5970804691314697,
    0.5967774987220764,
    0.5960504412651062,
    0.59752357006073,
    0.5968918204307556,
    0.596906304359436,
    0.5974025130271912,
    0.5978649854660034,
    0.5973506569862366,
    0.5969839692115784,
    0.5964521169662476,
    0.5967044234275818,
    0.5973288416862488
  ],
  "val_auc": [
    0.7332580089569092,
    0.7360880374908447,
    0.7375127673149109,
    0.7381066083908081,
    0.738813042640686,
    0.7391173839569092,
    0.7397594451904297,
    0.7401678562164307,
    0.740378201007843,
    0.7404792904853821,
    0.7410438060760498,
    0.7412828207015991,
    0.7410160899162292,
    0.7409863471984863,
    0.7410777807235718,
    0.7409254908561707,
    0.7411730289459229,
    0.7413696646690369,
    0.7415208220481873,
    0.7415557503700256,
    0.7415627241134644,
    0.7415473461151123,
    0.7417453527450562,
    0.7418504357337952,
    0.7417718172073364,
    0.7418838739395142,
    0.7417899370193481,
    0.741967499256134,
    0.7418978810310364,
    0.7419127225875854,
    0.7419794797897339,
    0.7418363094329834,
    0.7418801784515381,
    0.7419252395629883,
    0.7419949769973755,
    0.7420353889465332,
    0.7420501112937927,
    0.7419527769088745,
    0.7419935464859009,
    0.7419664263725281,
    0.7419465780258179,
    0.7419951558113098,
    0.7419993877410889,
    0.7420026063919067,
    0.7420299649238586,
    0.742017388343811,
    0.7420108914375305,
    0.7420238256454468,
    0.7420111894607544,
    0.742030143737793,
    0.7420176267623901,
    0.742019772529602
  ],
  "val_loss": [
    0.6451765298843384,
    0.6285063028335571,
    0.6326515078544617,
    0.626354455947876,
    0.6176650524139404,
    0.6167725324630737,
    0.6203018426895142,
    0.6126266121864319,
    0.6214298009872437,
    0.6171101927757263,
    0.6214579939842224,
    0.6182070374488831,
    0.6151248216629028,
    0.6182178854942322,
    0.6154225468635559,
    0.6083569526672363,
    0.6141366958618164,
    0.5945249199867249,
    0.5940090417861938,
    0.5934398770332336,
    0.5964345932006836,
    0.5953591465950012,
    0.5964160561561584,
    0.594305157661438,
    0.5952847003936768,
    0.5958141088485718,
    0.5972499847412109,
    0.5929862260818481,
    0.5944026112556458,
    0.5978428721427917,
    0.5938011407852173,
    0.5969367623329163,
    0.5949503183364868,
    0.5976182222366333,
    0.5983478426933289,
    0.597922682762146,
    0.5970091223716736,
    0.5967129468917847,
    0.5984055995941162,
    0.5991019606590271,
    0.5995180606842041,
    0.5987964272499084,
    0.5990644097328186,
    0.5993515849113464,
    0.5996668934822083,
    0.5998613238334656,
    0.6001158356666565,
    0.6002867221832275,
    0.6003465056419373,
    0.6003804802894592,
    0.6004015803337097,
    0.6004158854484558
  ],
  "learning_rate": [
    0.0010000000474974513,
    0.0010000000474974513,
    0.0010000000474974513,
    0.0010000000474974513,
    0.0010000000474974513,
    0.0010000000474974513,
    0.0010000000474974513,
    0.0010000000474974513,
    0.0010000000474974513,
    0.0010000000474974513,
    0.0010000000474974513,
    0.0010000000474974513,
    0.0010000000474974513,
    0.0010000000474974513,
    0.0010000000474974513,
    0.0010000000474974513,
    0.0010000000474974513,
    0.0003000000142492354,
    0.0003000000142492354,
    0.0003000000142492354,
    0.0003000000142492354,
    0.0003000000142492354,
    0.0003000000142492354,
    0.0003000000142492354,
    0.0003000000142492354,
    0.0003000000142492354,
    0.0003000000142492354,
    0.0003000000142492354,
    0.0003000000142492354,
    0.0003000000142492354,
    0.0003000000142492354,
    0.0003000000142492354,
    0.0003000000142492354,
    9.000000136438757e-05,
    9.000000136438757e-05,
    9.000000136438757e-05,
    9.000000136438757e-05,
    9.000000136438757e-05,
    2.700000004551839e-05,
    2.700000004551839e-05,
    2.700000004551839e-05,
    2.700000004551839e-05,
    2.700000004551839e-05,
    8.099999831756577e-06,
    8.099999831756577e-06,
    8.099999831756577e-06,
    8.099999831756577e-06,
    8.099999831756577e-06,
    2.429999995001708e-06,
    2.429999995001708e-06,
    2.429999995001708e-06,
    2.429999995001708e-06
  ]
}